Year,ES,PT,FR,BE,LU,NL,DE,DK,CZ,PL,SK,CH,AT,IT,SI,HU,RO,HR,BA,ME,RS,BG,MK,GR,AL,EE,FI,LT,LV,NO,SE,UK,IE
1901,15.06,16.47,12.3,11.54,10.7,11.63,10.53,9.86,10.4,10.63,10.78,10.61,10.76,15.6,11.7,11.34,12.53,13.08,13.23,13.95,12.29,14.12,14.52,17.73,15.3,7.31,2.21,9.02,8.31,4.5,4.7,10.96,11.36
1902,15.16,16.32,12.22,11.33,10.83,11.38,10.14,9.36,10.01,10.25,10.35,10.11,10.3,15.31,11.38,11.4,12.2,12.8,12.82,13.84,12.15,13.99,14.19,17.36,15.01,6.9,1.82,8.46,7.71,4.46,4.21,10.74,11.12
1903,15.22,16.29,12.72,11.81,11.26,11.64,10.16,9.27,10.1,10.09,10.37,10.02,10.59,15.61,11.6,11,12.18,13.05,13.12,13.9,11.98,13.89,14.07,17.8,15.51,6.97,2.09,8.52,7.9,4.55,4.45,10.42,11.33
1904,15.19,16.34,11.79,10.84,10.17,10.82,9.56,8.86,9.6,9.61,10.11,10.02,10.17,15.37,11.41,11.53,12.18,13.22,13.23,13.95,12.18,14.09,14.37,17.69,15.02,6.38,1.24,7.95,7.31,3.98,3.82,10.41,11.01
1905,15.22,16.36,12.24,10.91,10.48,11,9.98,9.43,10.01,10.45,10.78,10.21,10.27,15.52,11.62,11.23,12.28,13.12,13.16,13.77,12.06,13.94,14.44,17.66,15.43,7.41,2.47,9.02,8.2,3.59,4.04,10.47,10.89
1906,15.04,16.07,12.19,11.25,10.48,11.64,10.23,9.65,9.92,10.25,10.43,10.81,10.46,15.72,11.61,11.64,12.6,13.04,13.13,14.16,12.41,14.37,14.64,17.99,15.48,7.17,2.01,8.72,7.97,3.48,4.2,10.73,11.54
1907,15.5,16.41,12.25,11.64,11.17,11.5,10.42,9.94,10.23,10.44,10.68,10.6,10.84,15.69,11.91,12.22,12.65,13.22,13.32,14.34,12.75,14.54,15.28,18.15,15.98,7.48,2.31,9.02,8.49,4.32,4.43,10.56,11.35
1908,15.05,16.43,11.8,10.84,10.26,10.91,9.95,9.58,9.85,10.23,10.25,10.07,10.23,15.42,11.33,11.4,12.28,12.58,12.91,13.69,12.24,14.26,14.34,17.7,15.11,7.27,2.28,8.56,8.03,4.95,4.94,10.57,11.09
1909,14.99,16.28,11.85,10.91,10.49,11.08,10.31,9.64,10.46,10.62,10.66,10.66,10.88,15.27,11.84,11.2,12.6,12.99,13.09,13.76,12.22,14.02,14.2,17.3,15.11,7.8,2.75,9.24,8.62,5.16,5.4,10.68,10.93
1910,15.03,16.02,12.07,11.4,10.83,11.32,10.1,9.48,10.41,10.54,10.85,10.25,10.52,15.58,11.73,11.49,12.75,13.13,13.27,14.03,12.71,14.93,14.89,18.11,15.59,6.63,1.13,8.71,7.9,3.52,3.6,10.39,11.23
1911,15.29,16.46,12.34,11.08,10.56,11.17,9.97,9.32,10.04,9.97,10.34,9.89,10.08,15.63,11.29,11.56,12.07,13.48,13.49,14.28,11.99,14.27,15.12,18.07,15.94,6.62,1.67,8.3,7.67,4.06,3.98,10.61,11.01
1912,15.63,16.6,12.38,11.59,10.98,11.52,10.25,9.73,9.84,9.88,10.06,10.75,10.57,15.55,11.68,11.15,11.63,12.87,12.83,13.7,11.84,13.65,14.13,17.32,14.85,6.98,2.47,8.34,7.85,4.08,4.03,10.91,11.71
1913,14.63,15.91,11.93,11.14,10.89,10.96,10.04,9.35,9.83,9.73,10.25,10.14,10.18,15.27,11.24,11.18,11.44,12.46,12.83,13.57,12.09,13.62,14.07,17.44,15.05,6.45,1.77,7.98,7.37,3.07,3.1,10.35,11.27
1914,15.03,16.38,12.09,10.79,10.51,11.02,9.64,9.29,9.99,10.12,10.38,10.24,10.5,15.47,11.6,11.02,12.27,12.77,12.66,13.6,11.9,13.74,13.89,17.29,14.67,7.27,2.11,8.68,8,4.64,4.61,10.3,11.26
1915,14.97,16.24,11.98,11.32,10.67,11.21,9.85,9.63,10.13,10.22,10.53,10.36,10.56,15.35,11.55,11.45,12.44,12.83,13.01,13.98,12.41,14.25,14.16,17.56,15.36,6.84,1.88,8.56,7.82,4.31,4.3,10.37,11.22
1916,15.39,16.58,12.28,11.41,10.77,11.59,10.11,9.79,10.04,10.25,10.72,10.39,10.53,15.98,11.73,11.65,12.57,13.44,13.3,14.02,12.96,14.63,14.38,17.87,15.38,7.46,2.57,8.53,7.99,4.48,4.95,10.68,11.61
1917,14.95,16.11,12.21,11.34,10.87,11.41,10.45,10.29,10.56,10.9,10.78,10.64,10.97,15.48,12,11.61,12.42,13.15,13.15,14.12,12.43,14.36,14.48,17.66,15.13,7.99,2.81,9.5,8.81,5.1,5.11,10.67,11.22
1918,15.24,16.72,12.54,11.36,10.52,11.56,10.18,9.76,9.64,9.81,10.22,10.51,10.4,15.84,11.54,11.24,12.24,13.02,13.08,13.94,12.34,14.43,14.75,17.75,15.3,6.89,1.89,8.17,7.62,3.7,3.78,10.58,11.23
1919,15.69,16.52,12.4,11.63,11.02,11.56,9.89,9.73,9.8,10.31,10.38,10.08,10.18,15.79,11.29,11.58,11.7,12.96,13.29,14.09,12.29,14.28,14.13,17.81,15.44,7.84,2.82,9.31,8.85,5.13,5.24,10.73,11.38
1920,15.13,16.64,12.12,11.38,10.76,11.31,9.7,9.26,9.58,9.79,10.12,10.1,10.13,15.6,11.35,11.7,11.99,13.05,13.35,14.19,12.48,14.42,14.56,17.91,15.6,6.48,1.81,7.97,7.32,4.45,4.38,10.73,11.36
1921,15.59,16.37,12.35,11.69,10.85,11.81,10.58,9.88,10.36,10.67,11.06,10.26,10.64,15.73,11.63,12.52,12.61,13.38,13.08,13.91,13.13,14.97,14.84,18.02,15.53,7.73,3.07,9.31,8.63,4.34,4.3,10.81,11.55
1922,15.36,16.49,12.58,11.77,11.04,11.93,10.48,9.89,10.49,10.47,10.64,10.11,10.29,15.71,11.43,11.82,11.95,13.1,12.79,13.43,12.44,13.65,14.2,17.57,15.08,7.37,3.09,8.82,8.19,4.73,4.75,10.84,11.26
1923,15.33,16.52,12.54,11.25,10.85,11.25,10.07,9.93,10.3,10.37,10.6,10.68,10.77,15.87,11.75,11.69,12.74,13.34,13.7,14.36,12.8,14.65,14.85,18.08,15.79,7.64,2.96,8.81,8.26,4.62,4.72,10.66,11.03
1924,15.24,16.61,12.22,11.24,10.62,11.42,10.27,9.61,9.86,9.91,10.3,10.5,10.54,15.5,11.69,11.57,12.52,13.05,13.35,14.24,12.68,14.48,15.01,17.78,15.69,6.67,2.09,8.22,7.46,4.61,4.44,11.1,11.42
1925,15.17,16.59,12.18,11.26,10.48,11.37,9.73,9.33,9.73,10.19,10.25,9.94,9.99,15.55,11.07,11.48,12.15,12.85,12.91,13.73,12.39,14.16,14.26,17.54,15.25,7.12,1.99,8.64,7.96,3.6,3.85,10.33,11.04
1926,15.6,16.39,12.58,11.61,11.06,11.43,10.04,10.07,10.36,10.64,10.86,10.59,10.78,15.56,11.84,11.75,13,13.42,13.71,14.1,12.52,14.71,14.72,18.04,15.48,7.29,3.01,9.12,8.23,4.04,4.51,10.86,11.63
1927,15.79,16.65,12.36,11.32,10.68,11.54,10.26,9.46,10.49,10.39,10.76,10.89,11.01,15.77,12.07,11.6,12.72,13.41,13.37,14.36,12.74,14.66,15.03,18.18,15.85,7,1.98,8.75,8.03,4.2,4.1,10.82,11.2
1928,15.61,16.72,12.31,11.24,10.84,11.25,10.1,9.53,9.57,9.67,10.11,10.07,10.08,15.78,11.17,11.42,12.33,13.27,13.27,14.24,12.67,14.52,14.99,17.97,15.45,6.22,1.22,7.92,7.16,4.12,4.04,11.01,11.35
1929,15.08,16.57,12.25,11.49,10.88,11.34,10.58,10.03,10.43,10.76,10.95,10.86,10.96,15.59,11.95,11.69,12.48,13.25,13.08,14.02,12.33,14.05,14.56,17.85,15.45,7.85,3.03,9.47,8.74,4.65,4.68,10.6,11.23
1930,15.35,16.9,12.13,11.28,10.7,11.2,10.48,9.83,10.65,10.81,10.83,10.87,11.02,15.36,11.88,12.04,12.27,13.51,13.88,14.71,12.64,13.97,14.33,17.54,15.68,7.87,2.72,9.61,8.99,4.8,4.84,10.5,10.93
1931,15.27,16.77,12.59,11.97,11.29,11.95,10.83,9.76,10.53,10.57,11.13,10.47,10.64,15.79,11.77,12.48,12.42,13.59,13.09,13.9,12.96,14.29,14.68,17.83,15.4,7.31,2.04,8.93,8.25,4.47,4.57,10.95,11.28
1932,15.15,16.74,12.43,11.61,10.89,11.69,10.6,9.82,10.75,10.92,11.27,10.68,10.94,15.93,11.9,12.74,12.92,13.65,13.7,14.12,12.89,14.51,14.62,17.79,15.53,7.48,2.31,9.16,8.53,4.86,4.88,10.83,11.26
1933,14.93,16.32,12.12,11.06,10.58,11.2,10.23,9.83,10.16,10.51,10.45,9.91,10.2,15.46,11.27,11.8,12.22,13.26,13.73,13.69,12.79,14.33,14.4,17.68,15.29,6.82,2.16,8.6,7.88,4.96,4.66,10.86,11.04
1934,15.26,16.75,12.49,11.48,11.11,11.44,10.42,9.52,10.57,10.19,11.3,10.39,10.31,16,11.63,11.92,12.6,13.61,13.77,14.44,13.06,14.92,14.68,18.09,15.9,6.68,1.87,8.51,7.54,3.57,3.78,10.22,11.01
1935,15.87,16.5,12.65,11.52,11.07,11.75,10.52,9.72,10.24,10.89,10.66,10.21,10.53,15.66,11.62,11.65,12.68,13.06,13.03,13.78,12.54,14.26,14.8,17.83,15.43,7.49,2.67,9.52,8.73,4.72,4.65,10.65,11.17
1936,14.99,16.29,12.29,11.55,11.21,11.59,10.87,10,11.01,11.37,11.46,10.92,11.28,15.92,12.3,12.14,13.33,13.45,13.56,14.45,13.11,15.08,15.35,18.03,15.83,8.08,2.65,10.2,9.38,5.03,5.11,10.85,11.26
1937,15.71,16.68,12.59,11.2,10.87,11.31,10.59,10.26,10.44,10.74,10.98,10.61,10.73,15.93,11.83,11.94,13.02,13.58,13.51,14.16,12.82,15.11,15.36,18.32,15.91,7.38,3.07,9.43,8.53,5.06,4.97,11.03,11.11
1938,15.39,16.43,12.6,11.25,10.7,11.37,10.42,9.76,10.82,10.79,11.51,10.73,10.5,16.03,11.71,12.06,13.07,13.77,13.97,14.76,13.5,15.25,14.65,18,16.04,7.4,2.48,8.96,8.28,5.02,5.08,10.49,10.93
1939,15.48,16.79,12.91,12.36,11.61,12.05,10.43,9.88,10.55,10.54,10.76,10.15,10.35,15.87,11.65,11.89,12.68,13.35,13.36,13.89,12.5,14.64,14.86,17.72,15.4,8.3,3.93,9.49,8.97,5.27,5.39,11.23,11.71
1940,15.38,16.85,12.44,11.61,11.01,11.71,10.55,10.01,10.39,10.24,10.91,10.73,10.43,15.62,11.61,11.45,12.33,13.16,13.28,14,12.75,14.49,14.68,17.93,15.58,7.75,3.48,9.01,8.41,4.53,4.94,10.86,11.43
1941,15.44,16.98,12.62,11.21,10.89,11.32,10.46,9.84,10.19,10.55,10.53,10.51,10.57,15.55,11.64,11.34,12.4,12.91,13.05,14.01,12.37,14.14,14.58,17.62,15.36,8.18,3.18,9.48,9.05,5.3,5.42,10.98,11.67
1942,15.25,16.69,12.08,11.25,10.64,11.13,9.92,9.5,9.9,9.81,10.18,9.41,9.47,15.4,10.59,11.23,11.32,12.69,13.04,13.92,12.12,13.93,13.76,17.54,15.15,7.55,2.74,8.53,8.29,4.89,5.06,10.45,11.15
1943,15.2,16.54,12.45,11.81,10.94,11.62,10.54,10.05,10.62,10.82,10.65,10.82,10.86,15.47,11.7,11.47,12.05,12.94,13.17,13.85,12.24,14.12,14.52,17.75,15.48,7.96,2.54,9.44,8.92,5.46,5.45,10.92,11.35
1944,15.99,16.69,12.38,11.54,10.97,11.53,10.41,9.46,9.93,10.29,10.45,10.39,10.5,15.53,11.64,11.64,12.44,13.29,13.51,14.28,12.37,14.36,14.99,18.05,15.72,7.57,2.32,9.09,8.54,4.7,4.71,10.67,11.09
1945,15.78,16.58,12.07,11.15,10.64,11.41,10.31,9.99,10.32,10.49,11.07,10.89,10.88,15.71,12.01,11.98,12.61,13.27,13.23,14.1,12.64,14.21,14.58,17.77,15.39,7.66,2.61,9,8.38,5.08,4.88,10.88,11.18
1946,15.25,16.31,12.36,11.55,10.92,11.38,10.35,9.85,10.74,11.01,11.1,10.76,11.08,15.68,12.23,11.64,13.1,13.44,13.53,14.32,12.99,14.87,15.46,18.3,15.95,7.23,2.41,8.96,8.16,4.61,4.65,10.4,11.06
1947,15.02,16.78,12.4,11.7,10.91,11.83,10.39,9.67,10.18,10.49,10.8,10.48,10.54,15.53,11.61,11.98,12.26,12.9,13.11,13.78,12.42,14.42,14.51,17.8,15.22,7.34,2.39,8.97,8.19,4.67,4.51,11,11.23
1948,15.33,16.47,12.28,11.13,10.65,11.25,10.38,9.57,10.25,10.29,10.92,10.63,10.83,15.9,11.89,11.94,12.65,13.24,13.24,14.15,12.81,14.82,15.17,18.18,15.71,7.35,2.77,8.78,8.22,4.84,4.97,10.87,11.22
1949,15.46,16.76,12.4,11.68,10.91,11.81,10.45,9.83,10.36,10.65,10.62,10.82,10.85,15.81,11.81,11.87,12.44,13.35,13.45,14.29,12.33,14.17,14.7,17.74,15.59,7.87,2.88,9.21,8.66,5.37,5.39,10.88,11.43
1950,15.51,16.54,12.52,11.25,10.83,11.29,10.48,9.97,10.33,10.56,10.38,10.89,10.61,15.67,11.66,11.2,12.13,13.03,12.83,13.69,12.32,14.13,14.65,17.71,15.26,7.18,3.06,8.86,8.07,4.88,5.45,10.96,11.34
1951,15.6,17.12,12.33,11.31,11.01,11.18,10.13,9.22,10.2,10.24,10.32,10.44,10.47,15.72,11.55,11.52,12.1,13.36,13.6,14.07,12.37,14.21,14.68,17.89,15.69,6.47,2.07,8.41,7.47,4.24,4.02,10.68,11.24
1952,15.47,16.86,12.27,11.27,10.6,11.29,9.68,8.97,9.38,9.62,10.28,9.79,9.85,15.58,11,11.58,12.16,13.09,13.04,13.88,12.52,14.22,14.74,17.73,15.47,6.71,2.21,8.22,7.51,3.43,3.82,10.13,10.78
1953,15.07,16.56,12.14,11.54,10.81,11.52,10.22,9.9,10.29,10.65,11.01,10.36,10.58,15.68,11.77,11.72,12.68,13.56,13.4,14.56,12.94,14.81,15.44,18.36,16.16,7.9,3.09,9.11,8.65,4.46,4.38,10.42,11.27
1954,15.55,16.74,12.59,11.9,11.52,11.75,10.49,9.73,10.38,10.6,10.93,10.41,10.7,15.77,11.83,12.01,12.93,13.21,13.4,14.17,12.83,14.56,14.59,17.94,15.48,7.27,2.56,8.79,7.97,3.85,4.29,10.47,11.32
1955,15.93,16.99,12.99,11.73,11.33,11.55,10.77,9.6,10.53,10.83,10.89,10.67,10.86,16.26,11.81,12.03,12.9,13.65,13.92,14.75,12.65,14.56,14.91,18.13,15.88,6.98,1.67,9.21,8.38,4.04,3.86,10.95,11.22
1956,15.09,16.49,12.35,11.53,10.84,11.43,10.43,9.64,10.04,10.73,10.87,10.6,10.57,15.74,11.62,11.86,11.97,13.31,13.37,14.33,12.73,14.62,14.71,17.96,15.55,7.95,3.43,9.41,8.75,4.53,4.74,10.65,11.02
1957,15.12,16.38,11.92,10.63,10.17,10.57,9.92,9.31,10.32,10.62,10.65,10.33,10.68,15.29,11.71,11.07,12.73,12.9,12.97,13.72,12.52,14.66,14.8,17.62,15.24,7.56,2.78,9.02,8.39,5.13,5.23,10.65,11.25
1958,15.77,16.91,12.54,11.32,10.75,11.6,10.4,9.63,10.6,10.55,11.15,10.23,10.38,15.81,11.84,12.8,12.7,13.63,13.83,14.54,13.26,14.67,14.62,17.93,15.74,7.01,2.27,8.66,7.94,4.14,4.21,10.67,11.32
1959,15.69,16.49,12.75,11.93,11.37,11.86,10.73,9.97,10.32,11.03,11.48,10.55,10.37,15.85,11.65,12.94,12.55,13.59,13.33,13.89,12.96,14.45,14.83,17.83,15.34,7.78,2.53,9.63,8.71,4.38,4.56,10.61,11.24
1960,15.58,16.89,12.54,11.9,11.07,11.93,10.49,9.84,10.11,10.53,10.7,10.82,10.74,15.49,11.83,11.19,12.18,13.11,13.03,14.08,12.37,13.88,14.44,17.53,15.23,7.57,2.46,9.2,8.61,4.92,4.72,10.88,11.29
1961,15.06,16.24,12.54,11.51,11.09,11.48,10.83,10.13,10.45,10.81,11.03,11.04,10.96,15.63,12.03,11.65,12.24,13.15,13.12,14.15,12.42,14.12,14.4,17.47,15.12,8.51,3.74,9.85,9.36,5.67,5.89,11.06,11.31
1962,15.42,16.58,12.43,12.17,11.54,11.48,10.44,9.85,10.14,10.12,10.52,10.22,10.13,15.78,11.32,11.42,11.99,13.27,13.35,14.2,12.25,14.19,14.9,17.73,15.3,7.22,2.46,8.63,7.97,4.77,4.67,10.52,11.27
1963,14.98,16.18,12.02,10.92,10.51,11.27,9.96,9.42,9.87,9.93,10.6,9.86,10.04,15.44,11.24,11.45,12.25,12.81,13.2,13.92,12.46,14.56,14.86,17.81,15.35,6.29,1.69,8.34,7.43,4.36,4.08,10.58,11.33
1964,15.35,16.48,11.82,11.15,10.29,11.24,9.79,9.44,9.19,9.71,9.92,9.8,9.62,14.97,10.83,10.96,11.56,12.63,12.72,13.63,11.76,13.61,14.03,17.36,14.83,6.95,2.96,8.21,7.66,4.66,4.7,10.48,11.09
1965,15.36,16.3,11.65,10.69,9.99,10.87,9.48,8.86,9.42,9.7,9.99,9.95,9.83,14.96,10.95,10.71,11.77,12.47,12.59,13.57,11.9,13.85,14.23,17.32,14.98,7.28,2.63,8.5,8.01,4.85,4.81,10.2,11.21
1966,15.55,16.78,12.14,10.98,10.42,10.89,9.65,8.92,9.62,9.28,9.94,10.53,10.33,15.46,11.46,11.32,11.94,13.06,13.17,13.79,12.18,14.04,14.69,17.58,15.27,5.72,1.65,7.38,6.5,4.16,4.11,10.53,11.13
1967,14.95,16.72,11.76,10.97,10.27,11.1,9.5,8.87,9.34,9.46,9.72,9.8,9.87,15.18,11.04,10.85,11.83,12.92,12.89,13.89,12.03,13.85,14.74,17.57,15.56,6.47,2.14,7.69,7.13,4.64,4.37,10.64,10.88
1968,15.3,16.51,12.21,11.64,10.92,11.44,9.96,9.3,10.05,9.93,10.41,9.85,9.72,15.28,10.95,11.08,12.11,12.89,12.79,13.68,12.23,13.77,14.11,17.39,15.06,6.57,2.03,8.2,7.47,3.5,3.57,10.59,11.08
1969,15.1,16.76,11.93,11.24,10.47,11.24,10.06,9.53,9.8,10.29,10.66,9.91,9.82,14.89,10.75,11.39,12.16,12.5,12.78,13.42,12.23,13.84,14.23,17.44,14.85,7.26,2.52,8.78,8.12,4.04,4.26,10.42,10.76
1970,15.35,17.34,12.37,11.53,11.02,11.06,10.02,9.29,9.98,10.14,10.37,10.41,10.45,15.49,11.51,11.9,12.19,13.52,13.1,13.79,12.43,14.04,14.59,17.46,15.3,6.92,2.08,8.4,7.71,4.08,3.96,10.44,11.27
1971,15.11,16.59,11.94,10.78,10.27,10.63,9.71,8.95,9.5,9.55,9.99,9.99,10.09,15.36,11.2,11.61,12.2,13.07,12.69,13.27,12.3,14.03,13.99,17.36,14.71,6.76,2.07,8.04,7.58,4.49,4.2,10.51,10.96
1972,15.08,16.74,12.7,11.79,11.07,11.38,9.56,9,9.71,9.99,10.11,9.98,10.06,15.27,11.18,11.47,11.97,12.77,13.02,13.68,12.19,14.16,14.61,17.62,15.12,7.13,2.1,8.85,8.06,4.9,4.68,10.25,11.06
1973,15.21,16.37,11.76,10.92,10.18,10.9,9.41,9.09,9.5,9.8,9.7,9.93,9.95,14.96,11.01,10.69,11.61,12.62,12.79,13.34,11.82,13.72,14.14,17.33,14.76,6.69,2.44,8.29,7.56,4.7,4.37,10.36,11.13
1974,14.97,16.63,12.06,11.27,10.71,11.18,10,9.6,10.07,10.33,10.28,10.14,10.38,15.34,11.33,11.37,12.05,12.83,13.03,13.89,12.21,13.85,14.28,17.44,15.24,7.65,3.34,8.75,8.23,5.38,5.35,10.65,11.11
1975,14.86,16.78,12.23,11.29,10.66,11.13,9.69,8.63,9.11,9.33,9.99,9.49,9.42,15.4,10.99,11.67,11.74,13.11,12.66,13.52,12.55,13.89,13.74,17.36,14.57,5.91,1.9,7.44,6.64,4.07,3.68,10.19,11.24
1976,15.12,16.29,12.29,11.44,10.91,11.42,10.22,9.84,10.28,10.77,10.75,10.18,10.51,15.34,11.41,11.62,12.24,12.83,12.59,13.39,11.98,13.8,14.15,17.39,14.8,8.39,2.99,9.85,9.16,5.13,5.16,10.67,11.43
1977,16.01,17.24,12.84,11.91,11.35,12.06,10.86,10.24,10.45,10.84,11.07,10.85,10.72,15.88,11.61,11.66,12.39,13.44,12.84,13.76,12.62,14.38,14.65,17.38,15.23,7.64,2.3,9.41,8.58,4.79,4.97,10.95,11.4
1978,15.28,16.69,12.15,11.32,10.77,11.54,10.06,9.44,9.93,10.1,10.38,10.38,10.49,15.64,11.76,11.73,12.18,13.1,13.16,14.03,12.56,14.53,14.98,17.9,15.6,7.07,2.58,8.59,7.89,4.31,4.13,10.46,11.18
1979,15.39,16.78,12.1,11.38,10.74,11.3,10.05,9.36,10.43,10.55,10.65,10.57,10.77,15.37,11.83,11.66,12.73,13.17,13.22,14,12.68,14.52,14.86,18.04,15.53,7.67,2.24,9.34,8.7,4.15,4.24,10.3,11.05
1980,15.42,17.1,12.15,11.58,10.82,11.64,10.36,9.98,10.4,10.67,10.7,10.67,10.82,15.42,11.85,11.63,12.3,13.16,13.12,13.78,12.65,14.05,14.68,17.58,15.25,8.21,2.7,9.34,8.78,4.66,4.69,10.78,11.11
1981,15.43,16.96,12.6,11.93,11.28,11.31,10.39,9.67,10.19,10.29,10.94,10.52,10.59,15.74,12.05,11.73,12.32,13.49,13.51,14.19,12.84,14.67,14.51,17.74,15.32,7.83,3.76,9.09,8.53,4.48,5.18,10.72,11.21
1982,15.51,17.16,12.46,11.59,11.15,11.27,10.02,9.26,10.01,10.01,10.69,10.05,10.13,15.67,11.67,11.98,11.9,13.61,13.55,14.5,12.52,14.21,14.33,17.76,15.65,6.89,2.61,8.37,7.67,4.28,4.25,10.7,11.48
1983,15.04,16.75,12,11.41,10.8,11.57,10.31,9.65,10.05,9.88,10.53,9.88,10.02,15.19,11.32,11.44,12.14,12.97,13.32,13.59,12.41,14.4,14.27,17.45,15.03,7.01,2.17,8.3,7.7,4.44,4.3,10.33,11.15
1984,14.94,16.56,11.9,10.8,10.35,10.87,9.94,9.66,9.97,10.22,10.29,10.48,10.48,15.16,11.51,11.47,12.58,12.95,13.02,13.75,12.53,14.52,14.82,17.6,15.21,7.49,2.74,8.93,8.41,4.75,4.68,10.43,10.85
1985,15.24,16.74,12.39,11.46,10.76,11.1,9.97,9.46,10.44,10.3,10.68,10.8,10.81,15.37,11.78,11.16,12.1,12.85,12.91,13.79,12.19,13.83,14.32,17.44,14.87,7.19,3,8.59,7.93,4.33,4.71,10.81,11.25
1986,15.47,16.79,12.1,11.49,10.77,11.28,10.2,9.37,10.11,10.21,10.57,10.42,10.35,15.39,11.54,11.61,12.02,13.05,13.13,13.61,12.33,14.02,14.7,17.5,15.21,6.97,2.25,8.63,8.07,4.31,3.97,10.87,10.95
1987,15.72,16.94,12.12,11.34,10.72,10.95,10.02,9.15,10,10.02,10.42,10.81,10.61,15.5,11.65,11.9,12.35,13.23,13.13,13.52,12.42,14.55,14.14,17.59,14.86,7.33,3.03,8.44,7.97,3.85,4.22,10.45,10.97
1988,15.71,17.01,12.56,11.54,11.05,11.53,10.38,9.82,10.39,10.55,10.65,11.11,10.96,15.9,11.9,11.64,12.43,13.45,13.16,13.86,12.77,14.57,14.74,17.94,15.37,8.08,3.43,9.32,8.9,5.66,5.74,10.89,11.05
1989,15.68,16.79,12.51,11.59,11.04,11.88,10.41,9.82,10.3,10.26,10.95,10.91,10.62,15.86,11.78,12.06,12.48,13.32,13.75,14.43,12.64,14.75,14.99,18,15.93,7.14,2.38,8.69,7.94,4.41,4.11,10.77,11.28
1990,15.44,17.11,12.39,11.42,11.25,11.22,10.14,9.7,10.49,10.69,10.81,10.78,11.09,15.66,12.17,11.79,12.99,13.35,13.43,14.28,12.96,15.06,15.37,18.39,15.97,7.19,2.65,8.7,7.97,4.13,4.73,10.82,11.57
1991,15.68,17.11,12.55,11.8,11.28,11.64,10.23,9.84,10.1,10.47,10.46,10.46,10.6,15.71,11.76,11.81,12.91,13.45,13.63,13.87,12.66,14.74,14.89,17.87,15.4,7.92,3.11,9.37,8.85,5.37,5.22,10.79,11.47
1992,15.42,16.59,12.84,12.19,11.74,11.8,10.8,10.05,10.41,10.49,11.09,10.96,10.9,15.98,12.44,11.9,12.59,13.65,13.53,14.02,12.71,14.55,14.74,17.75,15.32,7.44,2.39,9.02,8.35,4.66,4.79,11.45,11.57
1993,15.08,16.57,12.44,11.6,11.15,11.7,10.9,9.9,11.04,10.97,11.12,10.37,10.98,16.1,12.2,11.71,13.07,13.7,13.85,14.79,13.3,15.25,15.25,18.36,16.04,7.55,2.37,9.44,8.76,4.87,4.69,11.21,11.41
1994,15.34,17.32,12.53,11.65,11.08,11.73,10.43,9.84,9.95,10.56,10.7,10.45,10.58,15.39,11.86,11.82,12.2,13.27,13.35,14.14,12.34,14.22,14.46,17.82,15.19,7.82,2.91,9.28,8.67,5.02,4.83,11.05,11.89
1995,15.55,17.3,12.77,12.19,11.43,12.22,10.92,10.1,10.56,10.65,10.74,10.78,10.91,16.25,12.02,11.77,12.73,13.41,13.37,14.29,12.93,14.92,14.3,18.21,15.42,7.37,2.97,8.83,8.29,4.64,4.61,11.53,11.86
1996,15.53,16.93,12.73,12.23,11.75,12.17,10.81,10.11,10.86,10.88,11.32,10.88,10.83,15.85,11.88,12.3,12.77,13.4,13.57,14.38,13.06,15.25,14.96,18.33,15.77,8.36,3.95,9.59,8.94,5.47,5.47,11,11.51
1997,15.81,17.18,13.19,12.36,12.12,12.23,11.22,10.36,10.96,11.2,11.73,10.69,11.03,15.85,11.99,12.6,13.04,13.73,13.75,14.51,13.31,15.03,15.01,18.17,15.66,8.45,3.12,9.92,9.39,5.46,5.6,11.85,11.99
1998,16.27,17.85,13.5,12.43,12.01,12.19,11.05,10.36,11.19,11.45,11.71,11.1,11.3,16.1,12.35,12.55,12.8,13.76,13.94,14.38,13.24,15.31,15.08,18.25,15.67,7.94,2.43,10.07,9.16,5.32,5.29,11.29,12.02
1999,16.08,17.57,13.06,12.06,11.51,11.99,10.78,10.22,10.27,10.93,10.91,10.84,10.77,15.92,11.93,11.86,12.89,13.45,13.57,14.49,13.1,15.07,15.49,18.52,16.08,8.12,3.48,9.61,8.98,4.63,5.03,11.24,11.72
2000,15.89,17.01,13.04,12.1,11.59,11.93,10.84,10.23,10.72,10.87,11.47,11.17,11.16,16.36,12.82,12.98,13.46,14.11,14.15,14.78,13.5,15.39,15.48,18.67,16.06,7.99,4.49,9.05,8.51,5.19,5.59,11.43,11.6
2001,16.28,17.39,13.33,12.39,12.11,12.14,11.41,10.26,11.12,11.37,11.84,11.07,11.31,16.89,12.35,12.66,13.73,14.21,14.46,14.98,13.6,15.61,15.57,18.81,16.3,8.25,3.65,9.95,9.31,5.09,5.21,11.37,11.76
2002,15.81,16.98,12.91,11.77,11.37,11.73,11.1,10.26,11,11.31,11.61,10.8,10.83,16.08,12,12.12,13.05,13.84,14.08,14.82,13.29,15.17,15.29,18.68,16.27,7.74,3.5,9.42,8.65,4.75,5.12,11.26,11.53
2003,15.85,17.35,13.16,11.98,11.57,11.99,11.29,10.41,11.61,11.88,11.66,11.74,12.06,16.59,13.05,12.71,13.62,14.22,14.26,15.12,13.68,15.66,15.92,18.75,16.62,8.43,3.53,10.06,9.16,4.9,5.25,11.28,11.56
2004,16.21,17.32,12.96,11.98,11.35,11.82,11.02,10.98,11.28,11.71,11.61,11.38,11.38,16.37,12.52,12.57,13.54,14,14.18,15.08,13.56,16.01,16.04,18.78,16.56,8.86,4.15,10.34,9.58,5.2,5.77,11.13,11.69
2005,15.96,17.49,13.26,12.21,11.93,12.26,11,10.74,11.11,11.62,11.39,11.18,11.45,16.25,12.5,11.95,13.75,13.74,13.99,15.02,13.34,15.74,15.54,18.53,16.2,9.31,4.7,10.73,10.14,5.56,6.28,11.48,11.91
2006,16.21,17.66,13.34,12.46,11.93,12.48,11.5,10.77,11.4,11.94,11.96,11.65,11.61,16.49,12.64,13.08,13.55,14.24,14.38,14.75,13.59,15.32,15.33,18.68,16.15,8.36,3.75,10.36,9.49,5.57,5.91,11.67,12.28
2007,16.19,17.44,12.94,12.27,11.6,12.31,11.14,10.68,10.66,11.23,11.35,11.6,11.26,16.21,12.36,12.34,12.92,13.94,13.7,14.46,13.42,15.04,15.02,18.6,15.84,8.48,4.41,9.69,9.06,5.53,5.71,11.3,12.03
2008,16.78,17.78,13.36,12.68,12,12.41,10.98,10.41,10.83,10.96,11.27,11.56,11.54,16.51,12.57,12.38,12.99,13.98,14.1,14.86,13.35,15.13,15.46,18.74,16.08,8.08,3.48,9.37,8.77,5.09,5.24,11.6,12.15
2009,16.13,17.67,13.67,12.76,12.63,12.41,11.5,10.47,11.79,12.12,12.19,10.89,11.13,16.56,12.31,13.01,13.71,14.25,14.54,14.96,14.14,15.77,15.55,18.77,16.21,8.96,4.5,10.33,9.72,5.07,5.76,11.57,12.02
2010,16.43,17.58,13.13,12.09,11.69,12.1,11.46,10.93,11.8,12.14,12.12,11.76,12.15,16.45,13.21,12.62,13.9,14.35,14.46,15.23,13.94,15.66,16.02,18.79,16.74,9.45,4.25,10.85,10.35,6.25,6.45,11.3,11.79
2011,16.22,17.28,13.19,12.63,12.07,12.31,11.05,10.39,11.3,11.51,11.97,11.51,11.78,16.48,12.89,12.99,13.6,14.16,14.34,15.29,13.89,15.75,16.37,19,16.98,8.74,4.44,10.18,9.57,5.84,5.97,11.83,12.1
2012,16.39,17.48,13.51,12.61,12,12.48,11.62,10.85,11.36,11.51,11.6,12.09,11.96,16.71,13.04,12.93,13.72,14.38,14.64,15.29,13.99,15.7,16.16,18.99,16.84,9.37,5.42,10.17,9.76,6.26,6.58,11.76,12.04
2013,16.06,17.4,13.19,12.55,12.04,12.43,11.48,10.91,11.69,12.2,11.93,11.87,12.04,16.46,13.12,13.09,13.95,14.39,14.52,15.3,14.04,15.81,16.27,18.96,16.81,9.71,5.1,11.05,10.5,6.29,6.83,11.47,11.81
2014,16.39,17.8,13.55,12.65,12.19,12.76,11.52,10.84,11.41,11.75,11.66,11.53,11.64,16.54,12.73,13.01,13.23,14.15,14.25,14.94,13.92,15.15,15.51,18.57,16.23,8.91,4.3,10.13,9.45,6.39,6.24,11.82,12.73
2015,16.59,17.92,13.44,12.6,11.97,12.51,11.34,10.58,11.3,11.57,11.83,11.16,11.4,16.74,12.48,12.98,13.65,14.37,14.5,15.05,13.59,15.48,15.82,18.89,16.46,8.79,3.97,10.06,9.51,5,5.39,11.18,11.92
2016,16.53,17.9,13.82,13.19,12.61,12.92,12.03,11.35,12.03,12.36,12.56,12.25,12.33,17.27,13.29,13.58,14.1,15.13,14.6,15.44,14.2,15.92,16.2,18.91,16.87,9.81,4.91,11.16,10.66,6.12,6.08,11.79,11.93
2017,16.24,17.81,13.52,12.79,12.22,12.52,11.8,11.31,12.2,12.65,12.27,11.76,12.38,16.76,13.39,13.3,14.21,14.71,14.99,15.75,14.41,16.42,16.68,19.32,17.19,9.3,4.98,10.99,10.3,6.34,6.57,11.78,12.18
2018,16.75,18.27,13.76,12.65,12.4,12.49,11.6,10.67,11.73,11.69,12.18,11.74,11.59,16.9,12.89,13.43,13.47,14.79,15.04,15.36,14.04,15.68,15.66,19.14,16.69,8.62,4.35,10.01,9.36,5.71,5.67,11.82,12.26
2019,16.6,17.67,13.55,12.77,12.11,12.5,11.76,10.89,12.13,12.28,12.55,11.94,11.69,17.13,12.78,13.25,13.83,14.78,14.92,15.45,14.14,15.83,15.75,18.99,16.59,9.22,4.28,10.85,10.22,5.95,6.27,11.87,12.02
2020,16.93,17.87,14.1,13.37,13.34,13.42,12.69,11.82,12.49,13.1,13.6,12.48,12.78,17.58,13.81,14.88,14.75,15.38,15.26,15.85,15.02,16.55,16.29,19.37,17.06,9.89,5.23,12.03,10.83,6.87,6.89,12.23,12.2
2021,17.08,18,14.27,13.43,12.98,13.44,12.64,12.09,12.39,12.93,13.13,12.32,12.55,17.29,13.56,14.13,14.29,14.94,15.05,15.69,14.56,15.88,16.24,19.21,17.04,10.72,6.06,11.78,11.37,7.73,8.11,12.62,12.45
2022,17.19,18.19,14.24,13.25,12.82,13.16,12.32,11.54,12.25,12.49,12.68,12.47,12.57,17.57,13.7,13.34,14.45,15.01,15.35,16.24,14.76,16.59,17.28,19.79,17.91,9.39,5.11,10.64,10.05,6.34,6.48,12.39,12.33
2023,17.24,18.41,13.92,13.12,12.62,13.08,12.32,11.92,12.34,12.69,12.65,12.48,12.65,17.35,13.56,13.69,14.23,14.82,14.94,15.23,14.28,15.88,15.88,19.2,16.55,9.97,5.28,11.39,10.79,7.47,7.55,12.34,12.24
2024,17.01,18.08,14.12,13.13,12.84,13.05,12.1,11.75,12.05,12.59,12.63,12.36,12.4,17.02,13.41,13.45,14.29,14.73,14.86,15.56,14.28,16.36,16.13,19.31,17.11,10.51,5.88,11.63,11.31,7.48,7.77,12.12,12.18
2025,17.18,18.28,14.3,13.08,13.08,12.89,12.47,11.57,12.62,12.69,12.73,12.6,12.74,17.58,13.83,13.34,14.4,15.22,15.37,15.98,14.8,16.41,16.8,19.59,17.51,9.98,5.37,11.25,10.71,7.17,7.33,12.19,12.57
2026,17.11,18.1,14.07,13.56,12.99,13.57,12.41,11.41,12.36,12.6,12.98,12.45,12.4,17.37,13.55,13.48,14.4,15.15,15.19,15.9,14.67,16.47,16.74,19.79,17.5,9.25,4.9,10.8,10.19,6.86,6.75,12.36,12.37
2027,17.49,18.49,14.07,13.27,12.79,13.11,12.1,11.94,12.21,12.91,12.86,12.42,12.52,17.25,13.52,13.39,14.49,15.02,15.25,16.12,14.93,16.77,16.51,19.87,17.73,10.88,6.29,12.11,11.71,7.8,8.19,12.03,12.44
2028,17.46,18.22,14.49,13.58,13.13,13.36,12.51,11.74,12.5,13.07,13.25,12.64,12.77,17.92,13.86,14.31,14.67,15.45,15.42,16.13,15.09,16.91,17.06,19.94,17.65,10.31,5.33,11.58,11,7.08,7.47,12.16,12.15
2029,17.7,18.48,14.64,13.77,13.32,13.52,12.74,12.19,12.86,13.44,13.36,13.08,13.14,18.03,14.18,14.06,15.1,15.4,15.92,16.57,15.51,17.17,17.24,20.39,17.92,10.4,6.08,12.03,11.29,7.54,7.77,12.62,12.74
2030,17.82,18.8,14.43,13.26,12.88,13.11,12.25,11.82,12.37,12.78,12.9,12.75,12.86,17.54,14.05,14.23,14.9,15.34,15.61,16.65,15.34,17.14,17.93,20.2,18.3,9.96,5.75,11.42,10.69,7.24,7.4,12.81,13.03
2031,17.63,18.47,14.53,13.58,13.23,13.43,12.64,12.22,12.48,13.06,13.17,12.72,12.88,17.61,13.92,13.75,14.57,15.14,15.36,16.42,15.03,16.68,17.45,20,17.94,10.67,6.24,11.9,11.37,7.59,8.09,12.72,12.92
2032,17.6,18.56,14.39,13.59,13,13.25,12.23,11.88,12.34,12.74,13.12,12.45,12.66,18.12,13.67,14,14.24,15.24,15.61,16.26,14.97,16.72,16.58,19.97,17.81,10.28,6.03,11.39,10.89,7.54,7.85,12.3,12.68
2033,17.66,18.56,14.22,13.18,12.85,13.03,12.27,11.48,12.7,13.02,13.04,12.85,13.14,17.74,14.27,13.78,15.08,15.54,15.74,16.36,15.24,16.67,17.27,19.92,17.87,10.41,5.94,11.76,11.17,7.14,7.49,12.32,12.77
2034,17.82,18.63,14.37,13.25,13.27,13.22,12.39,11.78,12.68,12.87,12.98,12.88,13.18,17.78,14.15,13.65,15.13,15.29,15.52,16.37,15.23,17.16,17.56,20.16,17.92,9.99,5.51,11.45,10.78,7.4,7.59,12.86,12.97
2035,17.68,18.44,14.52,13.37,12.94,13.28,12.69,12.18,12.87,13.2,13.01,13.02,13.18,17.67,14.13,14.16,14.59,15.41,15.28,16.07,14.94,16.34,17.01,19.86,17.57,10.38,6.18,11.49,10.98,7.85,8.09,12.69,12.79
2036,17.52,18.63,14.68,13.59,13.2,13.22,12.58,12.13,12.75,13.13,12.97,13.02,13.16,18.09,14.2,14.34,15.11,15.51,15.7,16.32,15.1,17,17.37,20.22,17.87,10.34,5.61,11.83,11.25,7.9,7.87,12.55,12.92
2037,18.16,18.92,15.21,13.85,13.5,13.49,12.42,11.93,12.32,12.66,12.64,12.61,12.83,17.94,13.96,13.64,14.89,15.4,15.73,16.66,14.96,17.32,17.73,20.79,18.25,10.08,6,11.1,10.59,7.9,8.16,13.18,13.11
2038,17.7,18.69,14.69,13.48,13.08,13.33,12.56,12.26,12.66,12.97,12.95,12.82,12.93,17.7,13.98,13.56,14.88,15.29,15.41,16.3,14.91,16.86,17.28,19.98,17.83,10.56,6.29,11.69,11.14,7.64,8.29,12.85,12.89
2039,17.64,18.81,14.95,14.12,13.66,13.98,13.19,12.02,13.32,13.21,13.5,12.85,13.14,18.03,14.21,14.42,15.31,15.95,16.28,16.73,15.71,17.33,17.97,20.49,18.52,10.21,5.7,11.55,10.97,7.31,7.5,12.94,13.15
2040,18.07,18.78,14.64,13.96,13.4,13.95,13.11,12.42,13.1,13.22,13.7,12.61,13.01,18.01,14.08,14.28,14.99,15.68,15.86,16.62,15.35,17.33,18.01,20.66,18.47,10.82,6.34,12.04,11.45,6.99,7.47,13.16,13.17
2041,18.33,18.84,15.26,14.56,14.37,14.3,13.34,12.44,13.03,13.29,13.81,13.07,13.31,18.26,14.35,14.51,15.17,15.58,15.76,16.73,15.41,17.35,17.99,20.64,18.52,10.59,6.32,11.99,11.4,7.93,8.19,13.46,13.2
2042,18.17,18.69,14.59,13.57,13.17,13.45,12.98,12.25,13.42,13.95,14.26,13.39,13.86,18.3,14.97,14.95,16.25,16.21,16.51,17.48,16.45,18.57,19.17,21.59,19.34,11.02,6.64,12.43,11.86,8.15,8.4,12.62,12.74
2043,18.39,19.01,15.22,14.15,14.13,13.77,13.19,12.34,13.29,13.79,14.06,13.37,13.74,18.38,14.87,14.71,16.04,16.18,16.52,17.37,16.17,17.88,18.48,21,18.95,11.38,6.98,12.43,11.96,8.31,8.67,12.85,12.69
2044,18.16,18.95,14.79,13.9,13.52,13.64,12.76,12.6,13.1,13.49,13.64,12.87,13.45,18.25,14.55,14.56,15.73,15.78,16.04,16.84,15.72,17.52,18.06,20.52,18.33,10.85,6.38,12.11,11.57,8.27,8.45,12.84,12.75
2045,18.06,18.96,15.05,13.79,13.47,13.61,13.05,12.6,13.43,13.7,13.59,13.26,13.65,18.12,14.67,14.38,15.72,15.87,16.2,16.87,15.61,17.51,17.73,20.53,18.32,10.72,6.39,12.11,11.48,8.26,8.53,13.06,12.95
2046,18.3,19.26,14.97,13.91,13.43,13.74,13.32,12.86,13.69,14.23,14,13.58,14.05,18.32,15.11,14.61,16.29,16.34,16.64,17.49,16.46,18.31,18.71,20.84,18.97,11.63,6.95,13.2,12.6,8.38,8.85,13.21,13.13
2047,18.64,19.26,15.49,14.46,14.01,14.44,13.53,13.05,13.68,14.14,14.26,13.77,14.09,18.8,15.07,15.21,16.16,16.29,16.52,17.49,16.44,18.22,18.81,20.91,19.11,12.44,8.46,13.37,12.96,9.28,9.81,13.03,13.12
2048,18.28,19,14.9,13.85,13.41,13.78,13.06,12.86,13.35,13.95,13.61,13.41,13.72,18.5,14.78,14.74,15.92,16,16.13,16.86,15.95,17.94,18.12,20.64,18.34,11.51,7.19,12.8,12.2,8.73,9.2,13.22,13.23
2049,18.35,19.16,15.08,14.15,13.68,14.03,13.38,12.78,13.76,14.19,13.9,13.75,14.11,18.62,15.18,14.7,16.26,16.46,16.7,17.68,16.55,18.31,18.99,21.47,19.4,11.85,7.28,13.01,12.55,8.41,8.86,13.32,13.43
2050,19.01,19.81,15.18,14.05,13.69,13.76,13.11,12.49,13.41,13.63,14.02,13.8,13.98,18.87,15.13,15.26,16.43,16.53,16.97,17.93,16.72,18.63,19.4,21.72,19.74,11.09,6.65,12.31,11.79,8.12,8.38,13.29,13.17
2051,19.26,20.21,15.59,14.44,14.07,14.12,13.54,13.11,13.81,14.12,14.23,13.68,14.22,19.01,15.33,14.97,16.2,16.62,16.92,17.74,16.68,18.3,19.05,21.28,19.34,11.89,7.78,12.89,12.44,9.16,9.61,12.85,12.86
2052,18.53,19.33,15.51,14.64,14.31,14.42,13.95,13.77,14.11,14.88,14.67,13.97,14.28,18.7,15.35,15.75,16.88,16.68,17.09,17.82,16.98,18.81,19.19,21.37,19.31,13.04,8.54,14.05,13.65,9.46,10.08,13.67,13.5
2053,19.41,20.04,15.35,14.45,14.17,14.12,13.51,12.82,14.1,14.57,14.64,14.13,14.5,19.03,15.66,15.39,17.12,17.01,17.35,18.33,17.37,19.44,20.24,22.16,20.22,11.96,7.71,13.28,12.63,8.67,9.19,13.2,13.15
2054,19.19,19.58,15.69,14.7,14.27,14.48,13.54,13.18,13.75,14.27,14.04,14.07,14.22,18.88,15.36,15.01,16.74,16.67,17.02,18.09,16.97,18.94,19.79,21.84,19.89,12.59,8.2,13.54,13.23,8.96,9.47,13.32,13.21
2055,18.93,19.69,15.91,15.24,14.65,14.63,13.79,12.75,14.35,14.47,14.62,14.09,14.29,19.01,15.4,15.56,16.42,17.08,17.33,18.01,16.82,18.6,19.21,21.58,19.63,11.63,6.93,12.99,12.44,7.99,8.55,13.17,13.49
2056,19.4,20.2,15.69,14.61,14.34,14.29,13.78,13.2,14.05,14.24,14.14,14.15,14.48,19.16,15.58,15.01,16.31,16.81,17.02,17.84,16.71,18.34,19.06,21.46,19.45,11.45,6.97,12.59,12.09,8.73,9.03,13.64,13.22
2057,18.76,19.72,15.6,14.64,14.17,14.22,13.75,12.81,13.94,14.52,14.47,13.75,14.18,19.03,15.26,15.46,16.46,16.82,16.8,17.73,16.65,18.31,18.76,21.25,19.21,12,7.65,13.16,12.62,8.47,9.06,13.06,13.09
2058,19.18,20.15,15.84,14.72,14.83,14.41,13.76,12.84,13.92,14.16,14.31,14.16,14.06,18.94,15.21,15.31,15.97,16.58,16.81,17.95,16.5,18.47,19.37,21.8,19.66,10.83,7.17,12.45,11.45,8.33,8.49,13.69,13.85
2059,19.24,20.05,15.89,15.21,14.83,14.94,14.05,13.61,14.37,14.91,14.81,14.42,14.72,19.28,15.76,15.64,17.04,16.97,17.23,18.19,17.05,19.07,19.56,21.87,19.81,12.27,7.72,13.68,13.12,9.01,9.35,13.61,13.85
2060,19.55,20.03,16,14.98,14.56,14.69,13.86,13.37,13.88,14.09,14.88,14.24,14.12,19.24,15.18,15.78,15.96,16.9,17.15,17.7,16.45,18.16,18.97,21.47,19.44,11.99,7.85,13.09,12.61,9.02,9.41,13.72,13.77
2061,18.98,20.12,15.62,14.65,14.34,14.61,13.98,13.62,13.97,14.53,14.58,14.18,14.3,18.89,15.26,15.39,16.31,16.55,16.84,17.59,16.39,18.57,18.83,21.35,19.24,12.57,8.55,13.54,13.13,9.54,9.95,13.9,13.69
2062,19.18,19.86,15.99,14.98,14.9,14.64,13.98,13.73,14.29,14.77,14.86,14.15,14.47,19.15,15.38,15.73,16.57,16.94,17.26,18.15,16.94,18.96,19.81,22.02,20.04,12.26,8.28,13.3,12.76,9.66,10.17,13.52,13.4
2063,19.61,20.53,15.95,15.23,14.68,14.91,14.06,13.68,14.26,14.93,15.13,14.42,14.6,19.24,15.7,15.82,17.09,16.95,17.27,18.29,17.08,19.03,19.37,21.73,19.83,12.78,7.96,14.05,13.54,9.16,9.68,13.62,13.74
2064,19.97,20.66,16.17,15.06,14.59,14.73,14.28,13.55,14.38,14.92,14.99,14.67,14.8,19.36,16.06,15.65,16.91,17.25,17.45,18.46,17.29,18.99,19.69,21.92,20.01,12.63,8.39,13.95,13.25,9.28,9.65,13.7,13.69
2065,19.98,20.18,16.56,15.18,15.07,14.95,14.72,14.03,15.08,15.41,15.33,15.26,15.47,19.84,16.46,16.14,17.46,17.7,18.01,19.18,18.09,19.83,20.89,22.67,21.06,12.87,8.78,14.06,13.5,9.79,10.43,13.76,13.74
2066,19.59,20.28,16.47,15.45,15.02,15.38,14.84,14.26,15.06,15.47,15.74,15.1,15.4,19.7,16.47,16.44,17.58,17.66,17.91,18.85,17.61,19.42,19.93,22.41,20.51,13.53,9.43,14.5,14.11,9.81,10.56,14.32,14.15
2067,19.99,20.71,16.6,15.31,14.82,15.19,14.2,14.13,14.3,15.02,14.88,14.34,14.62,19.73,15.76,16.05,16.88,17.24,17.45,18.25,17.14,19.04,19.65,22.22,19.76,12.98,8.98,13.86,13.42,9.96,10.48,14.28,14.17
2068,19.66,20.09,16.36,15.53,15.38,15.22,14.55,14.04,14.91,15.67,15.63,14.86,15.07,19.86,16.1,16.62,17.23,17.34,17.75,18.17,17.28,19.24,19.63,21.93,19.93,13.7,9.63,14.63,14.24,10.12,10.8,13.71,13.78
2069,19.24,19.99,15.88,14.62,14.4,14.37,14.15,13.5,14.46,14.78,14.78,14.69,15.02,19.54,16.33,15.75,17.56,17.64,17.98,18.85,17.96,19.91,20.52,22.78,20.77,12.37,8.12,13.48,12.97,9.25,9.74,13.59,13.51
2070,20.39,20.74,16.73,15.49,15.1,15.09,14.49,14.09,14.64,15.17,15.06,15.04,15.09,19.92,16.37,15.93,17.76,17.72,18.13,19.35,18.16,20.22,21.12,22.96,21.27,12.81,8.47,13.99,13.44,9.81,10.16,14.44,14.18
2071,20.63,21.09,17.03,15.65,15.42,15.26,14.94,14.29,15,15.4,15.25,15.45,15.6,20.07,16.76,16.37,17.37,18,18.18,18.98,17.75,19.13,19.99,22.34,20.63,13.56,9.36,14.46,14.12,10.15,10.82,14.25,14.32
2072,20.53,21.13,16.73,15.41,15.09,15.17,15.1,14.7,15.44,16.01,15.8,15.48,15.83,20.01,16.88,16.51,18.14,18.04,18.3,19.1,18.19,20,20.26,22.71,20.71,14.3,10.5,15.13,14.77,10.71,11.54,13.97,14.07
2073,20.44,20.94,16.71,15.43,15.33,15.2,14.89,14.26,15.33,15.76,15.62,15.49,15.75,20.32,16.96,16.64,18.37,18.32,18.68,19.75,18.67,20.55,21.16,23.29,21.44,13.72,9.59,14.51,14.14,10.46,10.9,14.27,14.16
2074,20.24,20.92,16.45,15.28,14.94,15.17,14.82,14.45,15.01,15.49,15.28,15.06,15.41,20.03,16.51,16.07,17.84,17.74,18.02,18.98,17.92,19.9,20.37,22.83,20.7,13.41,9.47,14.32,13.88,10.42,11.02,14.39,14.27
2075,20.41,20.87,16.72,15.31,14.98,15.07,14.63,14.04,15.09,15.31,15.28,15.58,15.69,20.31,16.82,16.2,18.01,18.12,18.46,19.7,18.25,20.19,20.86,23.37,21.41,13,9.06,14.05,13.56,9.71,10.43,13.95,14.31
2076,20.71,21.05,17.02,15.58,15.27,15.43,15.15,14.27,15.47,15.73,15.89,15.9,15.97,20.41,17.22,16.72,18.43,18.47,18.83,19.91,18.66,20.73,21.44,23.58,21.63,13.01,8.87,14.25,13.63,9.6,10.27,14.37,14.13
2077,20.76,21.24,17.12,15.92,15.6,15.52,15.15,14.63,15.45,15.96,15.72,15.76,15.88,20.55,16.96,16.54,17.96,18.26,18.54,19.58,18.34,20,20.81,23.28,21.32,14.15,10.25,14.92,14.55,10.38,11.34,14.37,14.77
2078,20.92,21.52,16.89,15.92,15.69,15.53,15.02,14.36,15.24,15.71,15.58,15.27,15.23,20.24,16.28,16.39,17.59,18.01,18.3,19.04,18.11,19.6,20.6,22.99,20.96,13.54,9.34,14.62,14.03,10.25,10.8,14.35,14.42
2079,20.81,21.3,16.78,15.7,15.32,15.37,14.74,14.2,15.01,15.53,15.52,15.37,15.44,20.15,16.5,16.37,18.04,17.97,18.25,19.44,18.27,20.09,20.82,22.99,21.17,13.34,9.05,14.53,14.05,10.34,10.74,14.43,14.54
2080,20.71,21.14,17.04,15.78,15.7,15.64,15.01,14.69,15.35,15.94,16.05,15.54,15.75,20.34,16.82,16.86,18.6,18.17,18.63,19.96,18.69,20.9,21.64,23.68,21.82,13.86,9.86,14.85,14.4,10.33,11.01,14.33,14.25
2081,21.29,21.83,17.44,16.09,15.7,15.78,15.49,14.98,15.86,16.3,16.15,16.21,16.29,20.84,17.37,17.22,18.92,18.7,19.15,20.41,19.31,21.37,22.41,24.17,22.42,14.15,9.88,15.35,14.85,10.77,11.34,14.86,14.73
2082,20.97,21.42,17.47,16.12,15.88,15.88,15.29,14.76,15.59,16.56,16.52,15.96,16.03,20.72,17.18,17.28,18.64,18.49,18.82,19.86,18.75,20.49,21.37,23.61,21.58,14.19,10.32,15.02,14.64,10.85,11.46,14.68,14.65
2083,21.65,21.97,17.79,16.45,16.48,16.17,15.96,15.4,16.42,16.89,16.7,16.67,16.81,21.26,17.94,17.49,19.18,19.22,19.64,20.8,19.59,21.35,22.56,24.41,22.69,14.83,10.68,15.72,15.35,11.09,11.97,14.89,14.7
2084,21.46,21.93,17.23,16.13,15.87,15.73,15.33,14.6,15.89,16.25,16.36,16.1,16.42,21.06,17.7,17.39,19.47,19.12,19.79,21.27,20.03,21.85,22.82,24.69,23.09,13.75,9.89,14.88,14.35,10.59,11.23,14.62,14.74
2085,21.27,21.95,17.47,16.42,16.11,16.19,15.42,14.85,15.65,16.31,16.26,15.92,16.08,20.89,17.24,17.15,19.05,18.86,19.08,20.39,19.15,21.26,21.7,24.11,22.03,14.96,11.23,15.56,15.33,11.43,12.14,14.61,14.77
2086,21.4,22,17.46,16.4,16.05,15.97,15.45,14.73,15.86,16.66,16.54,16,16.13,20.92,17.27,17.23,18.68,18.81,19.18,20.32,19.01,20.52,21.97,23.89,22.18,14.24,10.19,15.33,14.82,10.68,11.33,14.57,14.44
2087,21.44,21.59,17.73,16.79,16.96,16.4,15.9,15.08,16.33,17.01,16.82,16.16,16.53,21.1,17.61,17.73,19.82,18.95,19.56,21,19.94,21.85,22.64,24.6,22.89,13.97,10.26,15.37,14.7,10.6,11.24,15.06,14.91
2088,22.24,22.56,18.17,16.7,16.67,16.43,16.22,15.26,16.67,17.06,17.1,17.03,17.1,21.55,18.24,17.88,19.71,19.65,20.08,21.48,20.21,21.88,22.79,24.72,23.19,14.7,10.9,15.77,15.3,11.25,12.06,15.04,14.84
2089,22.35,22.65,17.7,16.57,16.29,15.97,15.38,15.16,15.67,16.43,16.34,16.15,16.12,21.06,17.35,17.19,19.53,18.79,19.46,21.07,19.83,21.99,22.79,24.61,22.91,14.85,11.09,15.64,15.28,11.58,12.23,14.93,14.9
2090,22.17,22.5,17.92,16.25,16.07,16.07,16.01,15.17,16.29,16.64,16.56,16.9,16.93,21.71,18.14,17.57,19.96,19.57,20.18,21.76,20.56,22.71,23.9,25.66,23.97,14.56,10.67,15.59,15.1,11.29,11.91,14.93,14.83
2091,21.49,22.01,18.04,17.21,16.94,16.46,15.88,15.39,16.05,16.69,16.65,16.17,16.45,21.09,17.63,17.66,19.36,18.93,19.43,20.74,19.53,21.62,22.33,24.51,22.55,14.9,11.29,15.82,15.41,11.43,12.22,15.3,15.29
2092,21.97,22.28,18.02,16.71,16.7,16.34,15.57,14.96,15.93,16.23,16.43,16.04,16.1,21.22,17.53,17.51,19.48,19.14,19.52,21.2,20,22.3,23.07,24.84,23.06,14.26,10.31,14.98,14.65,11.09,11.66,15.14,15.12
2093,22.22,22.89,18.07,17.07,16.77,16.57,16.03,15,16.34,16.42,17.09,16.59,16.51,21.27,18,18.13,18.9,19.33,19.51,20.81,19.56,21.66,22.63,24.78,22.72,14.12,10.41,14.9,14.54,11.2,11.79,15.16,15.09
2094,22.07,22.75,18.03,17.04,16.94,16.42,15.93,15.4,16.27,16.72,16.57,16.43,16.35,21.24,17.58,17.37,18.91,19.26,19.64,20.93,19.06,21.17,22.07,24.48,22.3,15.1,11.77,15.67,15.42,11.66,12.5,15.05,15.12
2095,22.98,23.24,18.67,17.17,16.85,16.95,16.41,15.5,16.71,16.9,17.32,17.37,17.31,21.94,18.52,18.21,19.92,19.94,20.56,22.07,20.79,22.67,23.76,25.52,23.96,14.51,10.62,15.5,15.05,11.22,11.86,15.53,15.41
2096,22.26,22.83,18.19,17.27,16.93,17.11,16.46,15.85,16.28,16.72,17.05,16.31,16.4,21.15,17.93,17.77,19.26,19.2,19.46,20.61,19.54,21.57,22.2,24.43,22.47,14.13,10.43,15.21,14.65,10.86,11.41,15.13,15.36
2097,22.4,22.6,18.35,17.06,17,16.47,16.28,15.86,16.69,17.29,17.13,16.96,17.15,21.75,18.35,18.16,19.97,19.72,20.39,21.91,20.64,22.58,23.45,25.3,23.67,15.08,11.21,16.09,15.69,12.02,12.7,15.69,15.51
2098,23.24,23.58,19.17,17.86,17.57,17.48,16.94,16.3,17.16,17.72,17.76,17.4,17.44,22.37,18.47,18.66,19.75,20.14,20.33,21.39,20.15,22.02,22.97,25.04,23.21,15.3,11.7,16.28,15.75,12.1,12.91,16.3,16.04
2099,22.86,23.17,18.95,17.78,17.42,17.4,16.96,16.34,17.2,17.69,17.73,17.52,17.62,22.29,18.71,18.52,19.79,20.09,20.53,21.45,20.2,22.07,22.78,25.06,23.16,15.12,11.25,16.23,15.72,12.03,12.71,16.39,15.9
2100,22.7,22.64,18.89,17.85,17.48,17.77,17.14,16.17,17.2,17.74,18.03,17.13,17.08,22,18.15,18.79,19.66,19.85,20.07,21.64,20.29,22.36,23.54,25.29,23.62,14.94,11.37,16,15.37,12.06,12.59,16.27,16.19
